Variation,Matches_With_Base_Name
Thomas  King,Thomas King
ThomasKing,Thomas King
Maria Garcia,Maria Garcia
MaryLewis,Mary Lewis
Nancy W.,Nancy Wright
Dani3l Scott,Daniel Scott
JOHN  smith,John Smith
linda johnson,Linda Johnson
N@ncy Wright,Nancy Wright
William Davis,William Davis
Susan  Clark,Susan Clark
SusanClark,Susan Clark
Jennifer- Brown,Jennifer Brown
Michael O'Connor,Michael O'Connor
Rodriguez James,James Rodriguez
Elizabeth Wil5on,Elizabeth Wilson
Hill Sandra,Sandra Hill
THOMAS KING,Thomas King
Christoph3r Green,Christopher Green
Wi11iam Davis,William Davis
linda johnson,Linda Johnson
John tihSm,John Smith
Nancy Wright,Nancy Wright
Robert L.,Robert Lee
Christopher Green,Christopher Green
Thomas King,Thomas King
Rob3rt Lee,Robert Lee
Kar3n Young,Karen Young
DAVID  martinez,David Martinez
N@ncy Wright,Nancy Wright
Elizab3th Wilson,Elizabeth Wilson
Maria  Garcia,Maria Garcia
Robert  Lee,Robert Lee
Nancy Wright,Nancy Wright
Maria G.,Maria Garcia
S@ndr@ Hill,Sandra Hill
Mary Lew,Mary Lewis
Jessic@ Adams,Jessica Adams
William  Davis,William Davis
Maria  Garcia,Maria Garcia
Jennifer Brown,Jennifer Brown
jennifer brown,Jennifer Brown
Mary  Lewis,Mary Lewis
Susan Clark,Susan Clark
Michael  O'Connor,Michael O'Connor
Clark Susan,Susan Clark
Sandra Hill.,Sandra Hill
Mich@el O'Connor,Michael O'Connor
Christopher  Green,Christopher Green
Daniel Scott,Daniel Scott
J. Smith,John Smith
Jessica  Adams,Jessica Adams
Mary Lew,Mary Lewis
Elizab3th Wilson,Elizabeth Wilson
sandra hill,Sandra Hill
linda johnson,Linda Johnson
Adams Jessica,Jessica Adams
Daniel  Scott,Daniel Scott
PAUL ALLEN,Paul Allen
Paul Allen.,Paul Allen
Susan Clark,Susan Clark
JamesRodriguez,James Rodriguez
Thomas King,Thomas King
Linda  Johnson,Linda Johnson
elizabeth wilson,Elizabeth Wilson
Karen Young,Karen Young
MICHAEL O'CONNOR,Michael O'Connor
Linda Johnson,Linda Johnson
Maria  Garcia,Maria Garcia
Sandra Hil,Sandra Hill
J. Adams,Jessica Adams
Lewis Mary,Mary Lewis
Christopher  Green,Christopher Green
Rodriguez James,James Rodriguez
christopher green,Christopher Green
William  Davis,William Davis
James- Rodriguez,James Rodriguez
Robert L.,Robert Lee
Rob Lee,Robert Lee
Kar Young,Karen Young
elizabeth wilson,Elizabeth Wilson
David M.,David Martinez
Daniel  Scott,Daniel Scott
D@vid Martinez,David Martinez
Jam Rodriguez,James Rodriguez
Karen  Young,Karen Young
WilliamDavis,William Davis
John- Smith,John Smith
John  Smith,John Smith
David Martinez,David Martinez
Young Karen,Karen Young
Jessica Adams,Jessica Adams
Michael  O'Connor,Michael O'Connor
paul allen,Paul Allen
JENNIFER  brown,Jennifer Brown
Jennifer- Brown,Jennifer Brown
Daniel- Scott,Daniel Scott
David M.,David Martinez
Paul Allen.,Paul Allen
Paul  Allen,Paul Allen
